SecrutyID;Horario;TipoOferta;Pre√ßo;Quantidade
3809688;20140610-13:26:16.605;1;0;0
3809688;20140610-13:26:16.942;0;29.38;6200
3809688;20140610-13:26:17.089;0;29.38;6100
3809688;20140610-13:26:17.094;0;29.38;5900
3809688;20140610-13:26:17.108;0;29.38;5800
3809688;20140610-13:26:19.509;0;29.38;5900
3809688;20140610-13:26:20.138;0;0;0
3809688;20140610-13:26:21.760;1;29.39;3700
3809688;20140610-13:26:22.418;0;0;0
3809688;20140610-13:26:22.419;0;29.39;3600
3809688;20140610-13:26:22.424;0;29.38;4000
3809688;20140610-13:26:22.429;0;29.38;5800
3809688;20140610-13:26:25.516;1;0;0
3809688;20140610-13:26:25.662;0;29.39;3200
3809688;20140610-13:26:25.664;1;0;0
3809688;20140610-13:26:25.666;0;29.36;2000
3809688;20140610-13:26:25.668;0;29.38;5700
3809688;20140610-13:26:25.670;0;29.39;4600
3809688;20140610-13:26:25.677;0;29.38;4000
3809688;20140610-13:26:25.686;0;29.38;8400
3809688;20140610-13:26:25.717;0;29.38;5700
3809688;20140610-13:26:25.865;1;29.49;2000
3809688;20140610-13:26:26.350;0;0;0
3809688;20140610-13:26:26.357;0;29.38;2900
3809688;20140610-13:26:26.358;0;29.38;3000
3809688;20140610-13:26:26.369;0;29.38;1900
3809688;20140610-13:26:26.369;0;29.38;2000
3809688;20140610-13:26:26.551;0;29.33;2000
3809688;20140610-13:26:27.361;0;29.38;2100
3809688;20140610-13:26:27.361;0;29.38;6500
3809688;20140610-13:26:28.620;1;29.4;300
3809688;20140610-13:26:31.508;0;29.38;400
3809688;20140610-13:26:31.538;0;29.38;7100
3809688;20140610-13:26:31.556;0;29.38;7600
3809688;20140610-13:26:31.584;0;29.38;400
3809688;20140610-13:26:31.591;0;29.38;8100
3809688;20140610-13:26:31.803;1;0;0
3809688;20140610-13:26:31.811;0;0;0
3809688;20140610-13:26:31.822;0;29.38;7600
3809688;20140610-13:26:34.030;0;29.38;200
3809688;20140610-13:26:34.200;1;29.39;5000
3809688;20140610-13:26:34.201;1;29.4;100
3809688;20140610-13:26:34.203;1;0;0
3809688;20140610-13:26:34.209;1;0;0
3809688;20140610-13:26:34.211;0;29.36;2000
3809688;20140610-13:26:34.239;0;29.38;10300
3809688;20140610-13:26:34.243;0;29.38;7600
3809688;20140610-13:26:34.256;0;29.38;1100
3809688;20140610-13:26:34.256;0;29.38;3100
3809688;20140610-13:26:34.397;0;0;0
3809688;20140610-13:26:34.397;1;29.48;2000
3809688;20140610-13:26:34.442;0;29.38;2100
3809688;20140610-13:26:34.443;0;29.38;7600
3809688;20140610-13:26:34.597;0;29.33;2000
3809688;20140610-13:26:35.773;1;29.4;300
3809688;20140610-13:26:35.991;0;29.38;900
3809688;20140610-13:26:36.299;0;29.38;5800
3809688;20140610-13:26:36.473;0;0;0
3809688;20140610-13:26:36.474;0;29.39;3600
3809688;20140610-13:26:36.478;1;29.39;3200
3809688;20140610-13:26:36.483;0;29.38;4000
3809688;20140610-13:26:36.561;1;0;0
3809688;20140610-13:26:37.244;0;29.39;3100
3809688;20140610-13:26:37.251;0;29.38;5800
3809688;20140610-13:26:38.229;1;29.39;100
3809688;20140610-13:26:38.240;1;29.39;100
3809688;20140610-13:26:38.299;0;29.39;2700
3809688;20140610-13:26:38.307;0;29.38;800
3809688;20140610-13:26:39.380;0;29.39;2100
3809688;20140610-13:26:39.386;0;29.38;4000
3809688;20140610-13:26:39.387;1;0;0
3809688;20140610-13:26:39.388;1;0;0
3809688;20140610-13:26:39.390;0;29.39;1600
3809688;20140610-13:26:39.395;0;29.38;5800
3809688;20140610-13:26:39.464;0;29.39;900
3809688;20140610-13:26:39.472;0;29.38;100
3809688;20140610-13:26:39.480;1;0;0
3809688;20140610-13:26:39.480;1;29.5;300
3809688;20140610-13:26:39.484;0;29.39;800
3809688;20140610-13:26:39.484;0;29.39;5000
3809688;20140610-13:26:39.485;0;29.39;4000
3809688;20140610-13:26:39.490;1;29.39;100
3809688;20140610-13:26:39.491;0;29.38;4000
3809688;20140610-13:26:39.493;0;29.38;5800
3809688;20140610-13:26:39.495;1;29.4;4000
3809688;20140610-13:26:39.497;0;29.39;3400
3809688;20140610-13:26:39.502;0;29.38;4000
3809688;20140610-13:26:39.504;0;29.39;2800
3809688;20140610-13:26:39.510;0;29.38;5800
3809688;20140610-13:26:39.511;1;29.4;300
3809688;20140610-13:26:39.523;0;29.39;2300
3809688;20140610-13:26:39.523;0;29.39;1700
3809688;20140610-13:26:39.526;0;0;0
3809688;20140610-13:26:39.528;0;29.38;3500
3809688;20140610-13:26:39.532;0;0;0
3809688;20140610-13:26:39.536;0;29.36;500
3809688;20140610-13:26:39.539;0;29.38;5200
3809688;20140610-13:26:39.541;0;29.38;4000
3809688;20140610-13:26:39.543;0;29.38;5700
3809688;20140610-13:26:39.553;0;29.38;5300
3809688;20140610-13:26:39.555;0;0;0
3809688;20140610-13:26:39.563;0;29.35;800
3809688;20140610-13:26:39.569;0;29.38;4400
3809688;20140610-13:26:39.575;0;29.38;5100
3809688;20140610-13:26:39.629;0;29.38;5600
3809688;20140610-13:26:39.638;0;29.38;6200
3809688;20140610-13:26:39.643;0;29.38;6700
3809688;20140610-13:26:39.666;0;29.38;9400
3809688;20140610-13:26:39.681;1;29.48;2000
3809688;20140610-13:26:39.687;0;29.38;10100
3809688;20140610-13:26:39.702;0;29.38;9400
3809688;20140610-13:26:39.704;1;0;0
3809688;20140610-13:26:39.706;0;29.39;1300
3809688;20140610-13:26:39.711;0;29.38;9500
3809688;20140610-13:26:39.717;0;29.39;900
3809688;20140610-13:26:39.722;0;29.37;2500
3809688;20140610-13:26:39.722;0;29.38;4000
3809688;20140610-13:26:39.723;1;0;0
3809688;20140610-13:26:39.736;0;29.39;300
3809688;20140610-13:26:39.741;0;29.38;9500
3809688;20140610-13:26:39.747;0;29.39;4400
3809688;20140610-13:26:39.749;0;29.39;3600
3809688;20140610-13:26:39.750;1;0;0
3809688;20140610-13:26:39.753;0;29.38;4000
3809688;20140610-13:26:39.756;0;29.38;9500
3809688;20140610-13:26:39.759;0;29.39;3300
3809688;20140610-13:26:39.763;1;29.39;3100
3809688;20140610-13:26:39.769;0;29.38;4000
3809688;20140610-13:26:39.778;0;29.39;3000
3809688;20140610-13:26:39.778;0;29.39;2800
3809688;20140610-13:26:39.780;1;29.4;300
3809688;20140610-13:26:39.782;0;0;0
3809688;20140610-13:26:39.784;1;29.39;2700
3809688;20140610-13:26:39.789;0;29.36;100
3809688;20140610-13:26:39.798;0;29.38;9600
3809688;20140610-13:26:39.800;0;29.38;4000
3809688;20140610-13:26:39.815;0;29.38;9400
3809688;20140610-13:26:39.825;0;29.38;9200
3809688;20140610-13:26:39.830;0;29.38;8100
3809688;20140610-13:26:39.844;0;29.38;8800
3809688;20140610-13:26:39.849;0;29.38;9400
3809688;20140610-13:26:39.853;0;29.38;9900
3809688;20140610-13:26:39.857;0;29.38;9400
3809688;20140610-13:26:39.863;0;29.38;8800
3809688;20140610-13:26:39.883;0;29.38;8100
3809688;20140610-13:26:39.906;1;29.48;2000
3809688;20140610-13:26:40.040;0;29.38;8600
3809688;20140610-13:26:40.046;0;29.38;9200
3809688;20140610-13:26:40.077;0;29.38;8600
3809688;20140610-13:26:40.084;0;29.38;9200
3809688;20140610-13:26:40.092;0;29.38;8600
3809688;20140610-13:26:40.097;0;29.38;8100
3809688;20140610-13:26:41.212;B;11554530;587
3809688;20140610-13:26:41.591;0;29.39;1900
3809688;20140610-13:26:41.593;1;0;0
3809688;20140610-13:26:41.596;0;29.38;8200
3809688;20140610-13:26:41.596;1;0;0
3809688;20140610-13:26:41.597;0;29.36;2000
3809688;20140610-13:26:41.598;0;29.39;4300
3809688;20140610-13:26:41.601;0;29.39;1600
3809688;20140610-13:26:41.604;0;29.38;2700
3809688;20140610-13:26:41.607;0;29.38;8200
3809688;20140610-13:26:41.608;0;0;0
3809688;20140610-13:26:41.610;0;29.39;4800
3809688;20140610-13:26:41.614;0;29.39;4600
3809688;20140610-13:26:41.615;1;29.39;4500
3809688;20140610-13:26:41.620;1;29.39;4900
3809688;20140610-13:26:41.620;1;29.39;4100
3809688;20140610-13:26:41.621;1;29.4;100
3809688;20140610-13:26:41.621;1;0;0
3809688;20140610-13:26:41.639;0;29.38;8400
3809688;20140610-13:26:41.653;0;0;0
3809688;20140610-13:26:41.664;0;29.39;700
3809688;20140610-13:26:41.668;0;29.36;800
3809688;20140610-13:26:41.669;0;29.38;6300
3809688;20140610-13:26:41.673;0;29.39;1200
3809688;20140610-13:26:41.677;0;0;0
3809688;20140610-13:26:41.687;0;0;0
3809688;20140610-13:26:41.687;1;0;0
3809688;20140610-13:26:41.690;0;29.35;800
3809688;20140610-13:26:41.692;0;29.38;1800
3809688;20140610-13:26:41.717;0;29.38;1100
3809688;20140610-13:26:41.727;0;29.38;1800
3809688;20140610-13:26:41.729;1;29.39;1500
3809688;20140610-13:26:41.761;1;29.4;100
3809688;20140610-13:26:41.761;1;0;0
3809688;20140610-13:26:41.872;0;29.38;1300
3809688;20140610-13:26:41.887;0;29.33;2000
3809688;20140610-13:26:41.887;1;29.5;2000
3809688;20140610-13:26:41.893;0;29.38;500
3809688;20140610-13:26:41.902;0;0;0
3809688;20140610-13:26:41.912;0;29.35;500
3809688;20140610-13:26:41.931;0;29.37;500
3809688;20140610-13:26:41.952;0;29.35;2000
3809688;20140610-13:26:41.952;1;29.48;2000
3809688;20140610-13:26:41.959;0;29.38;1300
3809688;20140610-13:26:41.966;0;0;0
3809688;20140610-13:26:41.976;0;29.38;1800
3809688;20140610-13:26:41.977;0;29.35;800
3809688;20140610-13:26:42.031;0;29.38;1100
3809688;20140610-13:26:42.050;0;29.37;1200
3809688;20140610-13:26:42.087;0;29.38;1500
3809688;20140610-13:26:42.098;0;29.38;1800
3809688;20140610-13:26:42.113;0;29.37;200
3809688;20140610-13:26:42.147;0;29.38;1400
3809688;20140610-13:26:42.175;0;29.37;700
3809688;20140610-13:26:42.486;0;29.38;1000
3809688;20140610-13:26:42.498;0;29.38;500
3809688;20140610-13:26:42.500;0;29.37;200
3809688;20140610-13:26:42.506;0;0;0
3809688;20140610-13:26:42.516;0;29.35;500
3809688;20140610-13:26:42.548;0;29.37;300
3809688;20140610-13:26:42.553;0;0;0
3809688;20140610-13:26:42.664;0;29.38;1800
3809688;20140610-13:26:42.672;0;0;0
3809688;20140610-13:26:42.682;0;29.35;800
3809688;20140610-13:26:42.690;0;29.37;2000
3809688;20140610-13:26:46.509;0;29.38;400
3809688;20140610-13:26:47.319;0;29.39;1300
3809688;20140610-13:26:47.319;1;0;0
3809688;20140610-13:26:47.324;0;29.36;2000
3809688;20140610-13:26:47.324;0;29.38;1600
3809688;20140610-13:26:47.329;0;29.39;4800
3809688;20140610-13:26:47.336;0;29.38;100
3809688;20140610-13:26:47.361;1;29.4;100
3809688;20140610-13:26:47.362;0;0;0
3809688;20140610-13:26:47.362;1;0;0
3809688;20140610-13:26:47.372;0;29.36;800
3809688;20140610-13:26:47.414;0;0;0
3809688;20140610-13:26:47.420;0;0;0
3809688;20140610-13:26:47.421;0;0;0
3809688;20140610-13:26:47.452;0;0;0
3809688;20140610-13:26:47.463;0;0;0
3809688;20140610-13:26:47.473;0;29.36;500
3809688;20140610-13:26:47.493;1;29.39;4600
3809688;20140610-13:26:47.508;0;0;0
3809688;20140610-13:26:47.520;1;29.49;2000
3809688;20140610-13:26:47.538;0;29.35;800
3809688;20140610-13:26:47.565;0;0;0
3809688;20140610-13:26:47.576;0;29.36;500
3809688;20140610-13:26:47.616;0;29.37;2500
3809688;20140610-13:26:47.654;0;29.33;2000
3809688;20140610-13:26:47.730;0;0;0
3809688;20140610-13:26:47.782;0;0;0
3809688;20140610-13:26:47.790;1;29.48;2000
3809688;20140610-13:26:47.792;0;29.35;800
3809688;20140610-13:26:47.929;0;0;0
3809688;20140610-13:26:47.942;0;29.36;500
3809688;20140610-13:26:47.951;0;0;0
3809688;20140610-13:26:47.957;0;29.36;400
3809688;20140610-13:26:47.970;0;0;0
3809688;20140610-13:26:47.980;0;29.36;200
3809688;20140610-13:26:47.994;0;0;0
3809688;20140610-13:26:48.000;0;29.36;100
3809688;20140610-13:26:48.013;0;0;0
3809688;20140610-13:26:48.024;0;29.36;500
3809688;20140610-13:26:48.113;1;29.4;300
3809688;20140610-13:26:48.368;0;0;0
3809688;20140610-13:26:48.379;0;29.35;800
3809688;20140610-13:26:51.156;0;0;0
3809688;20140610-13:26:51.157;0;29.33;100
3809688;20140610-13:26:51.217;0;0;0
3809688;20140610-13:26:51.217;1;0;0
3809688;20140610-13:26:51.219;1;29.39;300
3809688;20140610-13:26:51.224;1;29.43;100
3809688;20140610-13:26:51.226;1;29.39;300
3809688;20140610-13:26:51.855;0;29.38;400
3809688;20140610-13:26:52.095;0;0;0
3809688;20140610-13:27:00.012;1;29.4;1300
3809688;20140610-13:27:00.016;1;29.39;100
3809688;20140610-13:27:00.021;1;29.4;100
3809688;20140610-13:27:00.026;1;29.41;100
3809688;20140610-13:27:00.031;1;29.42;100
3809688;20140610-13:27:00.143;0;29.38;300
3809688;20140610-13:27:01.744;1;29.39;5000
3809688;20140610-13:27:01.745;1;0;0
3809688;20140610-13:27:01.753;0;29.29;100
3809688;20140610-13:27:01.756;1;29.4;5000
3809688;20140610-13:27:03.699;1;29.39;300
3809688;20140610-13:27:03.707;0;29.33;100
3809688;20140610-13:27:03.709;1;29.39;300
3809688;20140610-13:27:08.097;1;0;0
3809688;20140610-13:27:08.115;1;29.4;5000
3809688;20140610-13:27:11.416;B;12536156;611
3809688;20140610-13:27:15.040;1;29.41;300
3809688;20140610-13:27:15.245;1;0;0
3809688;20140610-13:27:15.245;0;29.36;2000
3809688;20140610-13:27:15.274;0;0;0
3809688;20140610-13:27:15.286;0;29.36;800
3809688;20140610-13:27:15.446;1;29.49;2000
3809688;20140610-13:27:15.494;1;0;0
3809688;20140610-13:27:15.501;1;29.41;300
3809688;20140610-13:27:15.504;1;0;0
3809688;20140610-13:27:18.371;1;29.39;100
3809688;20140610-13:27:21.760;1;29.39;3800
3809688;20140610-13:27:22.726;1;29.39;1600
3809688;20140610-13:27:27.289;1;29.39;1500
3809688;20140610-13:27:29.852;1;0;0
3809688;20140610-13:27:30.145;1;29.39;1200
3809688;20140610-13:27:33.915;0;29.482;100
3809688;20140610-13:27:33.916;1;29.39;300
3809688;20140610-13:27:33.938;1;29.39;300
3809688;20140610-13:27:33.942;0;29.38;1500
3809688;20140610-13:27:37.104;1;0;0
3809688;20140610-13:27:37.114;1;29.4;5000
3809688;20140610-13:27:39.513;1;29.39;300
3809688;20140610-13:27:39.533;1;29.39;300
3809688;20140610-13:27:39.652;0;0;0
3809688;20140610-13:27:39.653;0;29.32;1000
3809688;20140610-13:27:40.775;0;0;0
3809688;20140610-13:27:40.776;0;29.36;1000
3809688;20140610-13:27:41.248;1;29.39;900
3809688;20140610-13:27:41.556;B;12659593;617
3809688;20140610-13:27:41.729;1;29.39;100
3809688;20140610-13:27:41.730;1;0;0
3809688;20140610-13:27:41.788;1;29.4;5000
3809688;20140610-13:27:42.555;0;29.38;100
3809688;20140610-13:27:42.568;0;29.38;500
3809688;20140610-13:27:42.569;1;29.39;300
3809688;20140610-13:27:42.582;1;29.39;300
3809688;20140610-13:27:43.762;0;29.33;100
3809688;20140610-13:27:51.157;0;0;0
3809688;20140610-13:27:51.158;0;29.34;100
3809688;20140610-13:27:51.430;1;0;0
3809688;20140610-13:27:51.441;1;29.4;5000
3809688;20140610-13:27:53.668;1;0;0
3809688;20140610-13:27:53.669;0;29.37;2000
3809688;20140610-13:27:53.670;0;29.38;300
3809688;20140610-13:27:53.693;1;29.39;5000
3809688;20140610-13:27:53.698;0;0;0
3809688;20140610-13:27:53.712;0;29.37;800
3809688;20140610-13:27:53.718;0;29.33;600
3809688;20140610-13:27:53.728;0;29.38;900
3809688;20140610-13:27:53.768;1;29.39;2800
3809688;20140610-13:27:53.869;1;29.52;2000
3809688;20140610-13:27:53.994;0;0;0
3809688;20140610-13:27:54.061;0;29.33;500
3809688;20140610-13:27:54.087;0;29.35;100
3809688;20140610-13:27:54.232;0;29.38;300
3809688;20140610-13:27:54.789;0;0;0
3809688;20140610-13:27:54.800;1;29.39;1500
3809688;20140610-13:27:54.807;0;29.37;900
3809688;20140610-13:27:54.807;0;0;0
3809688;20140610-13:27:54.809;1;29.39;1400
3809688;20140610-13:27:54.815;1;29.39;1300
3809688;20140610-13:27:54.818;0;29.36;800
3809688;20140610-13:27:54.991;0;29.36;2000
3809688;20140610-13:27:55.185;0;29.32;1000
3809688;20140610-13:27:55.193;0;29.33;100
3809688;20140610-13:27:55.234;1;29.49;2000
3809688;20140610-13:28:00.155;0;29.38;300
3809688;20140610-13:28:00.161;1;0;0
3809688;20140610-13:28:00.161;0;0;0
3809688;20140610-13:28:00.470;0;29.38;400
3809688;20140610-13:28:00.673;0;0;0
3809688;20140610-13:28:01.287;1;29.39;1100
3809688;20140610-13:28:01.388;0;0;0
3809688;20140610-13:28:01.397;0;29.33;100
3809688;20140610-13:28:01.744;1;29.39;5000
3809688;20140610-13:28:01.745;1;29.39;4500
3809688;20140610-13:28:01.755;0;0;0
3809688;20140610-13:28:05.433;1;29.39;4400
3809688;20140610-13:28:06.267;0;29.33;600
3809688;20140610-13:28:06.355;0;29.34;100
3809688;20140610-13:28:08.156;0;0;0
3809688;20140610-13:28:09.033;0;29.35;1000
3809688;20140610-13:28:11.680;B;12880008;630
3809688;20140610-13:28:12.224;0;29.38;400
3809688;20140610-13:28:12.306;0;0;0
3809688;20140610-13:28:18.477;0;29.38;400
3809688;20140610-13:28:18.555;0;29.34;100
3809688;20140610-13:28:18.577;0;0;0
3809688;20140610-13:28:19.156;0;0;0
3809688;20140610-13:28:21.760;1;29.39;4000
3809688;20140610-13:28:21.762;0;29.34;100
3809688;20140610-13:28:27.300;1;29.39;100
3809688;20140610-13:28:28.156;0;0;0
3809688;20140610-13:28:28.410;1;0;0
3809688;20140610-13:28:28.411;0;29.34;100
3809688;20140610-13:28:29.005;1;29.39;300
3809688;20140610-13:28:29.005;0;29.28;300
3809688;20140610-13:28:29.006;0;0;0
3809688;20140610-13:28:29.007;0;0;0
3809688;20140610-13:28:29.007;1;29.48;2000
3809688;20140610-13:28:29.009;0;0;0
3809688;20140610-13:28:29.010;0;29.48;300
3809688;20140610-13:28:29.012;0;0;0
3809688;20140610-13:28:29.012;1;29.39;200
3809688;20140610-13:28:29.018;0;29.27;300
3809688;20140610-13:28:29.020;1;29.47;2000
3809688;20140610-13:28:29.021;0;0;0
3809688;20140610-13:28:29.022;1;29.39;300
3809688;20140610-13:28:29.024;0;29.37;100
3809688;20140610-13:28:29.031;0;29.38;800
3809688;20140610-13:28:29.032;0;29.48;800
3809688;20140610-13:28:29.035;0;29.37;100
3809688;20140610-13:28:29.035;0;29.34;800
3809688;20140610-13:28:29.036;0;0;0
3809688;20140610-13:28:29.039;0;29.37;100
3809688;20140610-13:28:29.046;1;29.42;300
3809688;20140610-13:28:29.187;0;29.35;2500
3809688;20140610-13:28:29.206;0;29.34;2000
3809688;20140610-13:28:29.264;0;0;0
3809688;20140610-13:28:29.384;0;0;0
3809688;20140610-13:28:29.395;0;0;0
3809688;20140610-13:28:29.399;1;0;0
3809688;20140610-13:28:29.407;0;29.32;2000
3809688;20140610-13:28:29.604;0;0;0
3809688;20140610-13:28:29.605;1;29.43;100
3809688;20140610-13:28:29.612;0;29.36;200
3809688;20140610-13:28:30.046;0;0;0
3809688;20140610-13:28:30.654;0;29.37;4700
3809688;20140610-13:28:33.108;1;0;0
3809688;20140610-13:28:33.243;1;29.39;100
3809688;20140610-13:28:33.309;1;29.47;2000
3809688;20140610-13:28:34.360;1;0;0
3809688;20140610-13:28:36.199;0;29.38;300
3809688;20140610-13:28:36.200;1;0;0
3809688;20140610-13:28:36.318;0;29.38;400
3809688;20140610-13:28:36.855;0;29.37;300
3809688;20140610-13:28:36.981;0;29.37;1000
3809688;20140610-13:28:37.156;1;0;0
3809688;20140610-13:28:41.194;1;29.39;4600
3809688;20140610-13:28:41.196;0;29.34;100
3809688;20140610-13:28:41.208;0;29.38;700
3809688;20140610-13:28:41.214;1;29.4;5000
3809688;20140610-13:28:41.451;1;29.39;200
3809688;20140610-13:28:41.729;1;29.39;3000
3809688;20140610-13:28:41.816;1;0;0
3809688;20140610-13:28:41.823;1;29.39;300
3809688;20140610-13:28:41.835;1;29.39;300
3809688;20140610-13:28:41.837;B;13103349;642
3809688;20140610-13:28:43.695;0;0;0
3809688;20140610-13:28:43.695;0;29.32;1000
3809688;20140610-13:28:46.671;1;29.39;300
3809688;20140610-13:28:51.107;1;0;0
3809688;20140610-13:28:53.969;1;29.39;1300
3809688;20140610-13:28:54.156;0;0;0
3809688;20140610-13:29:00.016;1;29.38;100
3809688;20140610-13:29:00.017;1;29.43;100
3809688;20140610-13:29:00.041;0;0;0
3809688;20140610-13:29:00.046;0;29.37;300
3809688;20140610-13:29:00.051;0;29.37;700
3809688;20140610-13:29:00.150;0;29.38;300
3809688;20140610-13:29:00.156;1;0;0
3809688;20140610-13:29:00.160;0;29.38;300
3809688;20140610-13:29:01.258;1;29.39;2600
3809688;20140610-13:29:01.355;0;29.34;100
3809688;20140610-13:29:01.738;1;29.39;2000
3809688;20140610-13:29:02.422;0;29.478;300
3809688;20140610-13:29:02.444;0;29.37;300
3809688;20140610-13:29:02.446;0;29.37;100
3809688;20140610-13:29:05.414;1;29.41;1300
3809688;20140610-13:29:10.398;0;29.37;4600
3809688;20140610-13:29:12.040;B;13229708;650
3809688;20140610-13:29:14.836;1;29.39;100
3809688;20140610-13:29:20.059;0;0;0
3809688;20140610-13:29:20.059;0;29.36;1000
3809688;20140610-13:29:21.731;1;29.39;1800
3809688;20140610-13:29:22.051;1;0;0
3809688;20140610-13:29:22.063;1;29.4;4300
3809688;20140610-13:29:23.474;0;29.38;1000
3809688;20140610-13:29:23.488;0;29.38;1000
3809688;20140610-13:29:24.117;1;0;0
3809688;20140610-13:29:26.346;1;29.39;100
3809688;20140610-13:29:26.360;1;29.39;100
3809688;20140610-13:29:26.613;0;29.38;300
3809688;20140610-13:29:27.202;0;29.38;400
3809688;20140610-13:29:29.998;0;29.38;300
3809688;20140610-13:29:37.557;1;29.39;1700
3809688;20140610-13:29:37.881;1;0;0
3809688;20140610-13:29:37.882;0;0;0
3809688;20140610-13:29:37.882;1;0;0
3809688;20140610-13:29:37.882;1;0;0
3809688;20140610-13:29:37.889;1;29.48;300
3809688;20140610-13:29:37.909;0;29.38;700
3809688;20140610-13:29:37.921;0;0;0
3809688;20140610-13:29:37.932;0;29.35;800
3809688;20140610-13:29:38.082;0;29.35;2000
3809688;20140610-13:29:38.082;1;29.48;2000
3809688;20140610-13:29:38.283;1;29.5;2000
3809688;20140610-13:29:39.926;1;0;0
3809688;20140610-13:29:39.930;0;29.39;1500
3809688;20140610-13:29:39.935;1;29.39;1000
3809688;20140610-13:29:39.952;0;29.36;2000
3809688;20140610-13:29:39.952;0;29.38;100
3809688;20140610-13:29:39.955;0;29.37;100
3809688;20140610-13:29:39.957;0;0;0
3809688;20140610-13:29:39.967;0;29.36;100
3809688;20140610-13:29:39.972;0;29.35;100
3809688;20140610-13:29:39.974;0;29.36;800
3809688;20140610-13:29:40.127;1;29.49;2000
3809688;20140610-13:29:40.184;0;29.37;1000
3809688;20140610-13:29:41.729;1;29.39;800
3809688;20140610-13:29:42.197;B;13264976;655
3809688;20140610-13:29:43.690;0;29.29;6000
3809688;20140610-13:29:43.697;1;29.48;3400
3809688;20140610-13:29:43.701;1;0;0
3809688;20140610-13:29:44.370;1;29.39;700
3809688;20140610-13:29:45.311;1;29.39;400
3809688;20140610-13:29:45.313;1;0;0
3809688;20140610-13:29:45.313;1;29.39;5000
3809688;20140610-13:29:45.314;0;29.38;300
3809688;20140610-13:29:45.323;0;29.38;400
3809688;20140610-13:29:45.331;0;0;0
3809688;20140610-13:29:45.337;0;29.38;100
3809688;20140610-13:29:45.350;1;29.477;100
3809688;20140610-13:29:45.507;1;29.39;200
3809688;20140610-13:29:45.517;0;0;0
3809688;20140610-13:29:48.463;1;29.41;300
3809688;20140610-13:29:49.671;1;29.39;300
3809688;20140610-13:29:49.676;0;0;0
3809688;20140610-13:29:51.604;0;0;0
3809688;20140610-13:29:56.483;1;29.4;300
3809688;20140610-13:29:57.257;1;0;0
3809688;20140610-13:29:58.582;0;0;0
3809688;20140610-13:29:58.624;0;29.38;300
3809688;20140610-13:30:00.075;0;0;0
3809688;20140610-13:30:00.075;0;0;0
3809688;20140610-13:30:00.076;1;0;0
3809688;20140610-13:30:00.076;1;0;0
3809688;20140610-13:30:00.166;1;29.39;3100
3809688;20140610-13:30:00.167;0;29.38;1000
3809688;20140610-13:30:00.168;1;29.39;1800
3809688;20140610-13:30:00.168;1;0;0
3809688;20140610-13:30:00.175;1;29.4;4000
3809688;20140610-13:30:00.179;0;29.38;200
3809688;20140610-13:30:00.180;0;29.38;100
3809688;20140610-13:30:00.188;0;0;0
3809688;20140610-13:30:00.196;1;29.39;1700
3809688;20140610-13:30:00.276;0;0;0
3809688;20140610-13:30:00.277;1;29.39;200
3809688;20140610-13:30:00.289;1;29.4;3200
3809688;20140610-13:30:00.302;1;29.41;300
3809688;20140610-13:30:00.307;1;29.4;3200
3809688;20140610-13:30:00.313;0;29.35;1000
3809688;20140610-13:30:00.361;1;29.4;100
3809688;20140610-13:30:00.407;0;29.38;2200
3809688;20140610-13:30:00.418;0;29.38;300
3809688;20140610-13:30:00.441;1;0;0
3809688;20140610-13:30:00.474;1;29.41;300
3809688;20140610-13:30:00.490;1;29.39;300
3809688;20140610-13:30:00.497;0;29.38;100
3809688;20140610-13:30:00.547;0;0;0
3809688;20140610-13:30:00.604;1;0;0
3809688;20140610-13:30:00.675;0;29.35;1000
3809688;20140610-13:30:00.764;0;29.38;2100
3809688;20140610-13:30:01.061;1;29.39;200
3809688;20140610-13:30:01.063;1;29.476;200
3809688;20140610-13:30:01.064;0;29.39;1300
3809688;20140610-13:30:01.073;1;29.4;300
3809688;20140610-13:30:01.074;0;0;0
3809688;20140610-13:30:01.076;0;29.39;100
3809688;20140610-13:30:01.077;0;29.39;700
3809688;20140610-13:30:01.079;0;29.39;1300
3809688;20140610-13:30:01.088;0;29.39;300
3809688;20140610-13:30:01.102;0;0;0
3809688;20140610-13:30:01.112;0;0;0
3809688;20140610-13:30:01.132;1;0;0
3809688;20140610-13:30:01.230;0;29.39;300
3809688;20140610-13:30:01.239;0;0;0
3809688;20140610-13:30:01.247;0;0;0
3809688;20140610-13:30:01.355;0;0;0
3809688;20140610-13:30:01.538;1;29.4;1300
3809688;20140610-13:30:01.555;0;29.33;100
3809688;20140610-13:30:02.080;0;29.39;1200
3809688;20140610-13:30:02.081;0;0;0
3809688;20140610-13:30:02.452;1;29.41;100
3809688;20140610-13:30:02.453;0;0;0
3809688;20140610-13:30:02.475;0;29.39;800
3809688;20140610-13:30:02.608;1;29.4;300
3809688;20140610-13:30:02.617;0;0;0
3809688;20140610-13:30:02.617;1;29.4;100
3809688;20140610-13:30:02.624;1;29.41;100
3809688;20140610-13:30:02.732;1;29.41;1000
3809688;20140610-13:30:02.831;0;0;0
3809688;20140610-13:30:02.944;1;29.4;100
3809688;20140610-13:30:03.048;0;29.39;300
3809688;20140610-13:30:04.118;1;0;0
3809688;20140610-13:30:04.544;0;29.39;300
3809688;20140610-13:30:04.671;1;29.4;300
3809688;20140610-13:30:05.118;0;0;0
3809688;20140610-13:30:05.122;1;29.4;300
3809688;20140610-13:30:05.128;0;0;0
3809688;20140610-13:30:05.572;0;0;0
3809688;20140610-13:30:05.720;0;29.38;300
3809688;20140610-13:30:07.949;0;29.35;3000
3809688;20140610-13:30:07.949;1;29.44;3000
3809688;20140610-13:30:07.953;1;0;0
3809688;20140610-13:30:08.089;1;29.4;2700
3809688;20140610-13:30:08.089;1;0;0
3809688;20140610-13:30:08.091;0;29.39;300
3809688;20140610-13:30:08.091;0;29.37;3000
3809688;20140610-13:30:08.091;0;29.36;3000
3809688;20140610-13:30:08.092;1;0;0
3809688;20140610-13:30:08.098;1;0;0
3809688;20140610-13:30:08.118;1;29.49;300
3809688;20140610-13:30:08.155;1;29.47;3000
3809688;20140610-13:30:08.225;1;0;0
3809688;20140610-13:30:08.291;0;29.34;3000
3809688;20140610-13:30:08.331;0;29.36;300
3809688;20140610-13:30:08.356;1;29.48;3000
3809688;20140610-13:30:08.492;0;29.33;3000
3809688;20140610-13:30:08.557;1;29.49;3000
3809688;20140610-13:30:08.693;0;29.32;3000
3809688;20140610-13:30:08.758;1;29.5;3000
3809688;20140610-13:30:08.894;0;29.31;3000
3809688;20140610-13:30:08.958;1;29.51;3000
3809688;20140610-13:30:09.095;0;29.3;3000
3809688;20140610-13:30:09.122;1;29.49;3400
3809688;20140610-13:30:09.159;1;29.52;3000
3809688;20140610-13:30:09.208;0;29.39;400
3809688;20140610-13:30:09.296;0;29.29;3000
3809688;20140610-13:30:09.360;1;29.53;3000
3809688;20140610-13:30:09.493;0;29.476;100
3809688;20140610-13:30:09.494;1;29.41;300
3809688;20140610-13:30:09.497;0;29.28;3000
3809688;20140610-13:30:09.561;1;29.54;3000
3809688;20140610-13:30:09.762;1;29.55;3000
3809688;20140610-13:30:09.963;1;29.56;3000
3809688;20140610-13:30:10.099;0;0;0
3809688;20140610-13:30:10.099;1;0;0
3809688;20140610-13:30:10.496;1;29.4;300
3809688;20140610-13:30:11.000;1;29.46;3000
3809688;20140610-13:30:11.001;1;0;0
3809688;20140610-13:30:11.202;1;29.46;3000
3809688;20140610-13:30:11.913;0;0;0
3809688;20140610-13:30:11.942;0;0;0
3809688;20140610-13:30:11.956;0;29.35;800
3809688;20140610-13:30:12.114;0;29.33;2000
3809688;20140610-13:30:12.269;B;13523621;676
3809688;20140610-13:30:12.451;0;0;0
3809688;20140610-13:30:12.451;0;0;0
3809688;20140610-13:30:12.451;0;0;0
3809688;20140610-13:30:12.451;1;0;0
3809688;20140610-13:30:12.651;0;29.37;3000
3809688;20140610-13:30:12.652;0;29.36;3000
3809688;20140610-13:30:12.652;1;29.46;3000
3809688;20140610-13:30:12.653;0;29.38;300
3809688;20140610-13:30:12.752;1;29.4;2500
3809688;20140610-13:30:12.880;0;29.36;10000
3809688;20140610-13:30:12.881;1;29.46;10000
3809688;20140610-13:30:12.886;1;29.4;2400
3809688;20140610-13:30:13.549;0;0;0
3809688;20140610-13:30:14.100;0;0;0
3809688;20140610-13:30:14.301;0;29.37;3000
3809688;20140610-13:30:14.390;0;0;0
3809688;20140610-13:30:14.591;0;29.27;3000
3809688;20140610-13:30:16.337;0;29.36;2000
3809688;20140610-13:30:16.353;0;0;0
3809688;20140610-13:30:16.373;0;0;0
3809688;20140610-13:30:16.386;0;29.37;800
3809688;20140610-13:30:16.507;0;29.37;3000
3809688;20140610-13:30:16.554;0;29.33;2000
3809688;20140610-13:30:16.575;0;0;0
3809688;20140610-13:30:16.776;0;29.27;3000
3809688;20140610-13:30:17.255;0;29.37;3000
3809688;20140610-13:30:17.900;0;0;0
3809688;20140610-13:30:18.028;0;29.35;10000
3809688;20140610-13:30:18.101;0;29.27;3000
3809688;20140610-13:30:18.166;0;29.37;3000
3809688;20140610-13:30:18.654;0;29.38;3000
3809688;20140610-13:30:19.119;1;0;0
3809688;20140610-13:30:20.327;0;0;0
3809688;20140610-13:30:20.528;0;29.28;3000
3809688;20140610-13:30:20.571;1;29.4;300
3809688;20140610-13:30:21.542;1;0;0
3809688;20140610-13:30:21.730;0;29.39;300
3809688;20140610-13:30:22.186;0;0;0
3809688;20140610-13:30:22.223;1;29.4;300
3809688;20140610-13:30:23.107;1;29.4;200
3809688;20140610-13:30:23.683;1;29.48;2000
3809688;20140610-13:30:24.156;0;0;0
3809688;20140610-13:30:24.531;0;29.39;400
3809688;20140610-13:30:24.570;0;29.36;400
3809688;20140610-13:30:26.128;0;0;0
3809688;20140610-13:30:26.143;0;29.38;300
3809688;20140610-13:30:26.143;0;0;0
3809688;20140610-13:30:26.143;0;29.34;10000
3809688;20140610-13:30:26.150;0;0;0
3809688;20140610-13:30:28.452;0;0;0
3809688;20140610-13:30:28.653;0;29.27;3000
3809688;20140610-13:30:28.724;0;29.37;3000
3809688;20140610-13:30:28.725;1;0;0
3809688;20140610-13:30:28.922;0;29.39;400
3809688;20140610-13:30:28.925;1;29.56;3000
3809688;20140610-13:30:29.912;1;29.46;3000
3809688;20140610-13:30:30.010;1;0;0
3809688;20140610-13:30:30.146;1;29.4;2000
3809688;20140610-13:30:30.147;0;29.38;300
3809688;20140610-13:30:30.211;1;29.56;3000
3809688;20140610-13:30:31.009;1;29.46;3000
3809688;20140610-13:30:31.012;0;0;0
3809688;20140610-13:30:32.100;0;29.35;1000
3809688;20140610-13:30:32.108;0;29.35;800
3809688;20140610-13:30:33.110;0;29.39;600
3809688;20140610-13:30:33.156;0;29.34;100
3809688;20140610-13:30:33.891;0;29.38;300
3809688;20140610-13:30:34.156;0;0;0
3809688;20140610-13:30:35.408;1;29.41;200
3809688;20140610-13:30:39.622;1;0;0
3809688;20140610-13:30:39.622;1;29.47;10000
3809688;20140610-13:30:40.568;1;0;0
3809688;20140610-13:30:42.199;0;29.38;3000
3809688;20140610-13:30:42.208;1;0;0
3809688;20140610-13:30:42.524;B;13547140;680
3809688;20140610-13:30:42.744;1;0;0
3809688;20140610-13:30:43.393;1;29.4;300
3809688;20140610-13:30:46.650;1;0;0
3809688;20140610-13:30:46.934;0;29.39;500
3809688;20140610-13:30:47.021;1;29.4;300
3809688;20140610-13:30:47.041;0;29.35;900
3809688;20140610-13:30:48.268;1;29.39;4200
3809688;20140610-13:30:48.280;0;29.36;2800
3809688;20140610-13:30:48.281;1;29.39;4200
3809688;20140610-13:30:48.284;0;29.38;100
3809688;20140610-13:30:48.287;0;29.37;100
3809688;20140610-13:30:48.288;0;29.38;1300
3809688;20140610-13:30:48.290;0;29.38;100
3809688;20140610-13:30:48.292;0;0;0
3809688;20140610-13:30:48.297;0;29.38;100
3809688;20140610-13:30:48.305;0;29.37;2500
3809688;20140610-13:30:48.355;1;29.44;100
3809688;20140610-13:30:48.379;1;29.39;4100
3809688;20140610-13:30:48.381;1;0;0
3809688;20140610-13:30:48.389;1;29.39;4100
3809688;20140610-13:30:48.542;1;0;0
3809688;20140610-13:30:48.572;0;29.37;2100
3809688;20140610-13:30:48.660;0;29.37;400
3809688;20140610-13:30:48.730;1;29.39;500
3809688;20140610-13:30:49.442;0;0;0
3809688;20140610-13:30:49.447;0;0;0
3809688;20140610-13:30:49.597;0;0;0
3809688;20140610-13:30:49.612;0;29.38;1100
3809688;20140610-13:30:49.644;0;29.28;3000
3809688;20140610-13:30:50.188;1;0;0
3809688;20140610-13:30:50.190;1;29.39;300
3809688;20140610-13:30:50.194;1;29.45;3000
3809688;20140610-13:30:50.209;0;0;0
3809688;20140610-13:30:50.221;0;29.38;800
3809688;20140610-13:30:50.223;0;29.27;300
3809688;20140610-13:30:50.241;0;29.38;1000
3809688;20140610-13:30:50.252;0;29.38;800
3809688;20140610-13:30:50.282;0;0;0
3809688;20140610-13:30:50.329;1;29.39;100
3809688;20140610-13:30:50.381;0;29.35;800
3809688;20140610-13:30:50.384;1;0;0
3809688;20140610-13:30:50.386;0;29.35;700
3809688;20140610-13:30:50.419;0;29.35;500
3809688;20140610-13:30:50.422;0;29.33;100
3809688;20140610-13:30:50.442;0;29.37;1500
3809688;20140610-13:30:50.450;0;0;0
3809688;20140610-13:30:50.482;0;29.27;3000
3809688;20140610-13:30:50.673;0;29.37;1000
3809688;20140610-13:30:50.681;0;0;0
3809688;20140610-13:30:50.694;0;29.38;400
3809688;20140610-13:30:51.228;1;29.41;300
3809688;20140610-13:30:51.903;0;29.37;3000
3809688;20140610-13:30:51.904;0;0;0
3809688;20140610-13:30:52.105;0;29.27;3000
3809688;20140610-13:30:54.519;0;29.24;3900
3809688;20140610-13:30:54.521;1;29.74;3900
3809688;20140610-13:30:55.903;1;0;0
3809688;20140610-13:30:56.415;1;29.39;300
3809688;20140610-13:30:56.704;0;29.37;3000
3809688;20140610-13:30:56.704;1;0;0
3809688;20140610-13:30:56.729;1;29.39;3800
3809688;20140610-13:30:56.756;1;29.44;100
3809688;20140610-13:30:56.902;1;29.55;3000
3809688;20140610-13:30:56.909;1;0;0
3809688;20140610-13:30:57.022;0;0;0
3809688;20140610-13:30:57.156;1;0;0
3809688;20140610-13:30:57.160;1;29.39;3800
3809688;20140610-13:30:57.223;0;29.27;3000
3809688;20140610-13:30:57.322;0;29.37;3000
3809688;20140610-13:30:57.363;0;29.38;300
3809688;20140610-13:30:57.421;0;0;0
3809688;20140610-13:30:57.622;0;29.37;3000
3809688;20140610-13:30:57.635;0;0;0
3809688;20140610-13:30:57.670;1;29.45;3000
3809688;20140610-13:30:57.836;0;29.27;3000
3809688;20140610-13:30:58.030;1;29.39;1300
3809688;20140610-13:30:58.253;1;0;0
3809688;20140610-13:30:58.254;0;29.37;3000
3809688;20140610-13:30:58.272;1;29.39;3400
3809688;20140610-13:30:58.275;1;0;0
3809688;20140610-13:30:58.276;0;29.36;2000
3809688;20140610-13:30:58.276;1;0;0
3809688;20140610-13:30:58.278;1;29.48;300
3809688;20140610-13:30:58.305;0;29.38;100
3809688;20140610-13:30:58.309;0;0;0
3809688;20140610-13:30:58.322;0;29.36;800
3809688;20140610-13:30:58.324;1;29.39;3000
3809688;20140610-13:30:58.326;0;29.37;100
3809688;20140610-13:30:58.354;0;29.38;700
3809688;20140610-13:30:58.447;0;29.33;200
3809688;20140610-13:30:58.454;1;29.55;3000
3809688;20140610-13:30:58.460;0;0;0
3809688;20140610-13:30:58.463;0;29.35;400
3809688;20140610-13:30:58.474;1;29.49;2000
3809688;20140610-13:30:58.553;1;29.39;2600
3809688;20140610-13:30:58.569;1;0;0
3809688;20140610-13:30:58.597;1;29.39;2300
3809688;20140610-13:30:58.614;1;29.39;3600
3809688;20140610-13:30:58.661;0;29.27;3000
3809688;20140610-13:30:58.720;0;29.37;3000
3809688;20140610-13:30:58.816;1;29.39;300
3809688;20140610-13:30:58.976;0;0;0
3809688;20140610-13:30:59.262;0;0;0
3809688;20140610-13:30:59.268;0;0;0
3809688;20140610-13:30:59.407;1;29.39;100
3809688;20140610-13:31:00.018;1;29.38;300
3809688;20140610-13:31:00.030;1;29.39;2400
3809688;20140610-13:31:00.036;0;0;0
3809688;20140610-13:31:00.041;0;29.38;1400
3809688;20140610-13:31:00.178;1;29.4;300
3809688;20140610-13:31:00.179;0;29.34;100
3809688;20140610-13:31:00.222;0;0;0
3809688;20140610-13:31:00.222;1;0;0
3809688;20140610-13:31:00.222;0;0;0
3809688;20140610-13:31:00.222;1;29.39;300
3809688;20140610-13:31:00.227;1;29.45;3000
3809688;20140610-13:31:00.232;0;29.38;1100
3809688;20140610-13:31:00.233;0;0;0
3809688;20140610-13:31:00.250;1;0;0
3809688;20140610-13:31:00.345;0;0;0
3809688;20140610-13:31:00.423;0;29.37;3000
3809688;20140610-13:31:00.451;1;29.44;3000
3809688;20140610-13:31:00.452;1;29.45;3000
3809688;20140610-13:31:00.485;1;0;0
3809688;20140610-13:31:01.052;0;29.35;3700
3809688;20140610-13:31:01.493;0;29.38;300
3809688;20140610-13:31:01.878;0;29.37;400
3809688;20140610-13:31:01.885;0;29.38;100
3809688;20140610-13:31:01.944;0;29.36;400
3809688;20140610-13:31:01.998;0;29.35;400
3809688;20140610-13:31:02.052;0;29.34;400
3809688;20140610-13:31:02.102;0;29.33;400
3809688;20140610-13:31:02.156;0;0;0
3809688;20140610-13:31:02.157;0;29.32;400
3809688;20140610-13:31:02.222;0;29.31;400
3809688;20140610-13:31:02.282;0;29.3;400
3809688;20140610-13:31:02.344;1;29.4;400
3809688;20140610-13:31:02.404;1;29.41;400
3809688;20140610-13:31:02.456;1;29.42;400
3809688;20140610-13:31:02.512;1;29.43;400
3809688;20140610-13:31:02.562;1;29.44;400
3809688;20140610-13:31:02.613;1;29.45;400
3809688;20140610-13:31:02.672;1;29.46;400
3809688;20140610-13:31:02.751;1;29.47;400
3809688;20140610-13:31:04.020;0;0;0
3809688;20140610-13:31:04.027;0;0;0
3809688;20140610-13:31:04.029;1;29.44;100
3809688;20140610-13:31:04.031;0;0;0
3809688;20140610-13:31:04.031;0;29.29;400
3809688;20140610-13:31:04.032;0;0;0
3809688;20140610-13:31:04.032;1;29.39;300
3809688;20140610-13:31:04.034;0;0;0
3809688;20140610-13:31:04.034;1;0;0
3809688;20140610-13:31:04.034;1;29.42;10000
3809688;20140610-13:31:04.036;0;0;0
3809688;20140610-13:31:04.036;0;29.33;10000
3809688;20140610-13:31:04.058;1;29.42;3000
3809688;20140610-13:31:04.058;1;29.43;3000
3809688;20140610-13:31:04.059;1;0;0
3809688;20140610-13:31:04.087;1;29.39;400
3809688;20140610-13:31:04.144;1;0;0
3809688;20140610-13:31:04.235;0;29.27;3000
3809688;20140610-13:31:04.259;1;29.42;3000
3809688;20140610-13:31:04.328;1;29.41;1200
3809688;20140610-13:31:04.436;0;29.26;3000
3809688;20140610-13:31:04.637;0;29.25;3000
3809688;20140610-13:31:05.351;0;29.35;700
3809688;20140610-13:31:05.353;1;29.4;100
3809688;20140610-13:31:05.354;1;29.4;1000
3809688;20140610-13:31:05.366;0;29.35;800
3809688;20140610-13:31:06.684;0;0;0
3809688;20140610-13:31:06.885;0;29.34;3000
3809688;20140610-13:31:08.175;0;0;0
3809688;20140610-13:31:08.176;0;0;0
3809688;20140610-13:31:08.177;0;0;0
3809688;20140610-13:31:08.202;0;29.38;100
3809688;20140610-13:31:08.202;0;29.38;200
3809688;20140610-13:31:08.203;0;0;0
3809688;20140610-13:31:08.203;0;0;0
3809688;20140610-13:31:08.203;0;29.26;300
3809688;20140610-13:31:08.203;0;29.28;400
3809688;20140610-13:31:08.204;0;29.474;200
3809688;20140610-13:31:08.204;0;29.27;400
3809688;20140610-13:31:08.204;0;0;0
3809688;20140610-13:31:08.204;0;0;0
3809688;20140610-13:31:08.207;0;0;0
3809688;20140610-13:31:08.215;1;29.39;100
3809688;20140610-13:31:08.218;1;29.4;100
3809688;20140610-13:31:08.219;0;29.38;100
3809688;20140610-13:31:08.220;0;29.474;100
3809688;20140610-13:31:08.228;1;0;0
3809688;20140610-13:31:08.228;0;29.36;300
3809688;20140610-13:31:08.230;0;29.37;900
3809688;20140610-13:31:08.230;0;29.36;400
3809688;20140610-13:31:08.233;0;29.35;5000
3809688;20140610-13:31:08.238;0;29.36;300
3809688;20140610-13:31:08.252;0;29.37;300
3809688;20140610-13:31:08.263;0;29.37;300
3809688;20140610-13:31:08.284;1;0;0
3809688;20140610-13:31:08.310;1;0;0
3809688;20140610-13:31:08.330;1;29.41;2800
3809688;20140610-13:31:08.340;0;29.38;1300
3809688;20140610-13:31:08.348;0;29.37;1000
3809688;20140610-13:31:08.357;0;29.38;1300
3809688;20140610-13:31:08.376;0;29.33;3000
3809688;20140610-13:31:08.425;0;29.38;1200
3809688;20140610-13:31:08.426;1;0;0
3809688;20140610-13:31:08.435;1;0;0
3809688;20140610-13:31:08.437;0;29.38;1200
3809688;20140610-13:31:08.451;0;0;0
3809688;20140610-13:31:08.451;0;0;0
3809688;20140610-13:31:08.468;1;0;0
3809688;20140610-13:31:08.468;0;29.37;400
3809688;20140610-13:31:08.511;1;29.52;3000
3809688;20140610-13:31:08.522;0;29.34;3000
3809688;20140610-13:31:08.535;0;0;0
3809688;20140610-13:31:08.712;1;29.53;3000
3809688;20140610-13:31:08.736;0;29.24;3000
3809688;20140610-13:31:09.152;0;29.38;300
3809688;20140610-13:31:09.263;0;29.33;10000
3809688;20140610-13:31:09.263;1;29.43;10000
3809688;20140610-13:31:09.268;1;0;0
3809688;20140610-13:31:09.609;0;29.35;700
3809688;20140610-13:31:09.890;0;0;0
3809688;20140610-13:31:09.906;0;0;0
3809688;20140610-13:31:09.908;0;0;0
3809688;20140610-13:31:09.913;0;29.38;300
3809688;20140610-13:31:09.914;0;0;0
3809688;20140610-13:31:09.917;0;0;0
3809688;20140610-13:31:09.919;0;29.36;700
3809688;20140610-13:31:09.923;0;29.37;1700
3809688;20140610-13:31:09.930;0;0;0
3809688;20140610-13:31:09.938;0;29.35;800
3809688;20140610-13:31:10.053;0;0;0
3809688;20140610-13:31:10.060;0;29.37;700
3809688;20140610-13:31:10.090;0;29.33;2000
3809688;20140610-13:31:10.098;0;29.36;1000
3809688;20140610-13:31:10.156;1;29.44;100
3809688;20140610-13:31:10.608;0;29.34;3000
3809688;20140610-13:31:10.612;0;29.35;300
3809688;20140610-13:31:10.612;0;0;0
3809688;20140610-13:31:10.750;1;0;0
3809688;20140610-13:31:10.756;0;29.37;100
3809688;20140610-13:31:10.813;0;29.24;3000
3809688;20140610-13:31:11.513;0;29.34;3000
3809688;20140610-13:31:11.516;0;29.35;3000
3809688;20140610-13:31:11.622;0;29.36;3000
3809688;20140610-13:31:11.623;0;0;0
3809688;20140610-13:31:11.823;0;29.26;3000
3809688;20140610-13:31:12.311;1;29.39;300
3809688;20140610-13:31:12.312;0;0;0
3809688;20140610-13:31:12.313;0;0;0
3809688;20140610-13:31:12.314;0;0;0
3809688;20140610-13:31:12.315;0;0;0
3809688;20140610-13:31:12.315;0;0;0
3809688;20140610-13:31:12.315;1;29.42;3000
3809688;20140610-13:31:12.315;1;29.43;3000
3809688;20140610-13:31:12.316;0;29.27;400
3809688;20140610-13:31:12.317;0;29.26;300
3809688;20140610-13:31:12.318;0;0;0
3809688;20140610-13:31:12.319;0;0;0
3809688;20140610-13:31:12.323;0;29.37;3100
3809688;20140610-13:31:12.323;0;0;0
3809688;20140610-13:31:12.323;0;29.35;100
3809688;20140610-13:31:12.324;0;29.25;300
3809688;20140610-13:31:12.325;1;29.41;3000
3809688;20140610-13:31:12.326;0;29.36;1700
3809688;20140610-13:31:12.327;0;29.33;300
3809688;20140610-13:31:12.329;0;0;0
3809688;20140610-13:31:12.331;0;29.36;1000
3809688;20140610-13:31:12.332;1;29.48;2000
3809688;20140610-13:31:12.335;1;0;0
3809688;20140610-13:31:12.342;0;29.33;500
3809688;20140610-13:31:12.414;0;29.37;2500
3809688;20140610-13:31:12.424;0;29.37;2500
3809688;20140610-13:31:12.433;0;29.36;300
3809688;20140610-13:31:12.433;0;0;0
3809688;20140610-13:31:12.435;0;29.36;400
3809688;20140610-13:31:12.436;1;0;0
3809688;20140610-13:31:12.436;0;29.37;300
3809688;20140610-13:31:12.441;1;29.41;2800
3809688;20140610-13:31:12.446;1;0;0
3809688;20140610-13:31:12.516;0;29.34;3000
3809688;20140610-13:31:12.516;0;29.33;3000
3809688;20140610-13:31:12.518;0;29.35;3000
3809688;20140610-13:31:12.550;1;0;0
3809688;20140610-13:31:12.610;1;29.39;500
3809688;20140610-13:31:12.647;1;29.51;3000
3809688;20140610-13:31:12.774;B;13846849;704
3809688;20140610-13:31:12.848;1;29.52;3000
3809688;20140610-13:31:12.915;1;29.45;3900
3809688;20140610-13:31:13.030;0;0;0
3809688;20140610-13:31:13.030;0;29.37;400
3809688;20140610-13:31:13.049;1;29.53;3000
3809688;20140610-13:31:13.226;1;29.39;100
3809688;20140610-13:31:13.415;0;29.37;3000
3809688;20140610-13:31:13.416;0;29.36;3000
3809688;20140610-13:31:13.417;1;0;0
3809688;20140610-13:31:13.426;0;29.37;100
3809688;20140610-13:31:13.427;0;29.34;100
3809688;20140610-13:31:14.156;0;0;0
3809688;20140610-13:31:14.442;0;29.35;10000
3809688;20140610-13:31:14.442;1;29.45;10000
3809688;20140610-13:31:14.443;0;29.34;100
3809688;20140610-13:31:17.077;1;29.39;300
3809688;20140610-13:31:18.156;0;0;0
3809688;20140610-13:31:20.433;1;0;0
3809688;20140610-13:31:20.434;0;29.34;100
3809688;20140610-13:31:20.455;0;29.35;2800
3809688;20140610-13:31:20.634;1;29.54;3000
3809688;20140610-13:31:21.419;1;29.46;3900
3809688;20140610-13:31:22.070;1;29.44;3000
3809688;20140610-13:31:22.093;0;0;0
3809688;20140610-13:31:24.145;0;0;0
3809688;20140610-13:31:24.346;0;29.27;3000
3809688;20140610-13:31:24.398;0;0;0
3809688;20140610-13:31:24.422;0;0;0
3809688;20140610-13:31:24.436;0;29.35;300
3809688;20140610-13:31:24.479;0;29.37;300
3809688;20140610-13:31:24.599;0;29.34;2000
3809688;20140610-13:31:24.696;0;29.37;1000
3809688;20140610-13:31:24.891;0;0;0
3809688;20140610-13:31:24.923;0;29.36;400
3809688;20140610-13:31:25.156;0;0;0
3809688;20140610-13:31:25.195;1;29.47;2000
3809688;20140610-13:31:25.207;0;0;0
3809688;20140610-13:31:25.234;0;0;0
3809688;20140610-13:31:25.247;0;0;0
3809688;20140610-13:31:25.253;0;29.37;700
3809688;20140610-13:31:25.257;0;29.34;800
3809688;20140610-13:31:25.274;1;29.43;3000
3809688;20140610-13:31:25.370;0;29.35;2500
3809688;20140610-13:31:25.387;0;0;0
3809688;20140610-13:31:25.391;0;29.37;400
3809688;20140610-13:31:25.401;1;29.41;300
3809688;20140610-13:31:25.451;0;29.32;500
3809688;20140610-13:31:25.473;0;29.33;400
3809688;20140610-13:31:25.477;0;0;0
3809688;20140610-13:31:25.478;0;29.32;600
3809688;20140610-13:31:25.721;1;29.39;2000
3809688;20140610-13:31:25.723;0;29.37;300
3809688;20140610-13:31:25.755;1;0;0
3809688;20140610-13:31:25.955;1;29.53;3000
3809688;20140610-13:31:26.592;1;29.39;1600
3809688;20140610-13:31:26.593;1;0;0
3809688;20140610-13:31:26.595;1;29.48;400
3809688;20140610-13:31:26.621;1;29.39;2200
3809688;20140610-13:31:26.747;0;29.32;800
3809688;20140610-13:31:26.753;1;0;0
3809688;20140610-13:31:27.026;1;29.39;300
3809688;20140610-13:31:28.364;0;29.37;3000
3809688;20140610-13:31:28.365;0;29.34;100
3809688;20140610-13:31:28.383;0;29.35;2800
3809688;20140610-13:31:28.496;1;0;0
3809688;20140610-13:31:28.496;1;29.46;10000
3809688;20140610-13:31:28.500;0;29.37;100
3809688;20140610-13:31:28.556;0;0;0
3809688;20140610-13:31:28.565;0;29.37;100
3809688;20140610-13:31:29.156;1;0;0
3809688;20140610-13:31:29.728;1;0;0
3809688;20140610-13:31:29.929;1;29.54;3000
3809688;20140610-13:31:30.145;0;29.37;400
3809688;20140610-13:31:30.908;1;29.39;5000
3809688;20140610-13:31:30.909;1;29.39;1200
3809688;20140610-13:31:30.910;1;29.39;200
3809688;20140610-13:31:30.910;1;29.39;100
3809688;20140610-13:31:30.910;1;0;0
3809688;20140610-13:31:30.911;1;29.39;4600
3809688;20140610-13:31:30.911;1;0;0
3809688;20140610-13:31:30.911;0;0;0
3809688;20140610-13:31:30.912;0;29.38;1300
3809688;20140610-13:31:30.912;1;0;0
3809688;20140610-13:31:30.912;1;29.49;400
3809688;20140610-13:31:30.913;0;0;0
3809688;20140610-13:31:30.913;0;29.38;400
3809688;20140610-13:31:30.913;0;29.38;300
3809688;20140610-13:31:30.914;1;0;0
3809688;20140610-13:31:30.920;1;0;0
3809688;20140610-13:31:30.926;1;29.39;5000
3809688;20140610-13:31:30.926;0;0;0
3809688;20140610-13:31:30.934;1;29.39;4600
3809688;20140610-13:31:30.944;0;29.38;100
3809688;20140610-13:31:30.957;0;29.38;2000
3809688;20140610-13:31:30.957;0;0;0
3809688;20140610-13:31:30.961;0;29.38;500
3809688;20140610-13:31:30.961;0;29.38;500
3809688;20140610-13:31:30.961;0;0;0
3809688;20140610-13:31:30.962;0;0;0
3809688;20140610-13:31:30.968;0;29.38;1700
3809688;20140610-13:31:30.972;0;29.34;500
3809688;20140610-13:31:30.978;0;0;0
3809688;20140610-13:31:30.992;0;0;0
3809688;20140610-13:31:31.002;0;29.33;800
3809688;20140610-13:31:31.008;0;29.32;1000
3809688;20140610-13:31:31.031;1;29.39;4400
3809688;20140610-13:31:31.033;0;29.34;100
3809688;20140610-13:31:31.045;1;29.39;4400
3809688;20140610-13:31:31.111;1;29.55;3000
3809688;20140610-13:31:31.112;0;29.31;2000
3809688;20140610-13:31:31.127;1;29.39;400
3809688;20140610-13:31:31.157;0;29.37;2800
3809688;20140610-13:31:31.171;0;0;0
3809688;20140610-13:31:31.189;0;29.37;2800
3809688;20140610-13:31:31.269;1;29.4;300
3809688;20140610-13:31:31.567;1;29.48;3900
3809688;20140610-13:31:33.024;0;0;0
3809688;20140610-13:31:33.043;0;29.38;1400
3809688;20140610-13:31:33.342;1;0;0
3809688;20140610-13:31:33.367;0;29.38;400
3809688;20140610-13:31:33.369;0;0;0
3809688;20140610-13:31:33.388;0;29.38;400
3809688;20140610-13:31:33.398;0;0;0
3809688;20140610-13:31:33.413;0;29.34;500
3809688;20140610-13:31:33.423;0;0;0
3809688;20140610-13:31:33.442;0;0;0
3809688;20140610-13:31:33.476;0;29.33;300
3809688;20140610-13:31:33.496;0;29.34;800
3809688;20140610-13:31:33.517;1;29.47;10000
3809688;20140610-13:31:33.636;0;29.38;400
3809688;20140610-13:31:34.218;0;29.38;3000
3809688;20140610-13:31:34.229;0;29.38;100
3809688;20140610-13:31:34.262;0;0;0
3809688;20140610-13:31:34.263;1;29.39;300
3809688;20140610-13:31:34.264;1;29.4;400
3809688;20140610-13:31:34.266;0;0;0
3809688;20140610-13:31:34.275;0;0;0
3809688;20140610-13:31:34.463;0;29.28;3000
3809688;20140610-13:31:36.766;1;0;0
3809688;20140610-13:31:37.610;0;0;0
3809688;20140610-13:31:37.811;0;29.37;3000
3809688;20140610-13:31:38.179;1;29.39;300
3809688;20140610-13:31:38.340;0;0;0
3809688;20140610-13:31:38.541;0;29.37;3000
3809688;20140610-13:31:38.780;0;0;0
3809688;20140610-13:31:38.927;1;29.45;3000
3809688;20140610-13:31:38.928;1;0;0
3809688;20140610-13:31:38.981;0;29.27;3000
3809688;20140610-13:31:39.128;1;29.55;3000
3809688;20140610-13:31:39.173;1;29.4;600
3809688;20140610-13:31:39.184;1;29.45;3000
3809688;20140610-13:31:39.868;0;29.38;3000
3809688;20140610-13:31:39.868;0;29.37;3000
3809688;20140610-13:31:39.881;0;29.36;2800
3809688;20140610-13:31:40.794;1;0;0
3809688;20140610-13:31:40.815;0;29.37;2800
